site_id,transect_id,boot_slope_m_per_yr
nzd0161,nzd0161-0187,-0.30109619109157154
nzd0161,nzd0161-0187,-0.2768943673225224
nzd0161,nzd0161-0187,-0.06620883419313668
nzd0161,nzd0161-0187,-0.0846781392189329
nzd0161,nzd0161-0187,-0.24163086084771462
nzd0161,nzd0161-0187,0.14285732425129932
nzd0161,nzd0161-0187,-0.2747794334109754
nzd0161,nzd0161-0187,-0.33495445826574527
nzd0161,nzd0161-0187,-0.16103218989846793
nzd0161,nzd0161-0187,-0.5202789704410771
nzd0161,nzd0161-0187,-0.21237955305934136
nzd0161,nzd0161-0187,-0.2078553537233652
nzd0161,nzd0161-0187,-0.2926511056224195
nzd0161,nzd0161-0187,-0.07661243913202045
nzd0161,nzd0161-0187,-0.3220698925894643
nzd0161,nzd0161-0187,-0.16651553527208834
nzd0161,nzd0161-0187,-0.038730611765178585
nzd0161,nzd0161-0187,-0.32930678900073534
nzd0161,nzd0161-0187,-0.26622344756907446
nzd0161,nzd0161-0187,-0.1911011356469011
nzd0161,nzd0161-0187,-0.10723065096763104
nzd0161,nzd0161-0187,-0.2627581308393364
nzd0161,nzd0161-0187,-0.34483130951936125
nzd0161,nzd0161-0187,-0.1962072911638739
nzd0161,nzd0161-0187,-0.2534302494982033
nzd0161,nzd0161-0187,-0.1674631429945922
nzd0161,nzd0161-0187,0.09284830759562819
nzd0161,nzd0161-0187,-0.0777348634877804
nzd0161,nzd0161-0187,-0.47346719598096887
nzd0161,nzd0161-0187,-0.3405211220621609
nzd0161,nzd0161-0187,-0.12084790403887918
nzd0161,nzd0161-0187,-0.21193511663435155
nzd0161,nzd0161-0187,-0.10878855079233894
nzd0161,nzd0161-0187,-0.051565491216307706
nzd0161,nzd0161-0187,-0.2725779195224327
nzd0161,nzd0161-0187,-0.14710809144170908
nzd0161,nzd0161-0187,-0.1334923003909417
nzd0161,nzd0161-0187,-0.03630648160906432
nzd0161,nzd0161-0187,-0.35886757872812014
nzd0161,nzd0161-0187,-0.2672199496483198
nzd0161,nzd0161-0187,-0.33794290930811766
nzd0161,nzd0161-0187,0.0755009034760289
nzd0161,nzd0161-0187,-0.09744665564697318
nzd0161,nzd0161-0187,0.11067983572942158
nzd0161,nzd0161-0187,-0.3832361851299441
nzd0161,nzd0161-0187,-0.25909548093850665
nzd0161,nzd0161-0187,-0.2037937974217737
nzd0161,nzd0161-0187,-0.29051794129291414
nzd0161,nzd0161-0187,0.008755244445293135
nzd0161,nzd0161-0187,-0.29476666545910996
nzd0161,nzd0161-0187,-0.5021020899768502
nzd0161,nzd0161-0187,-0.0847491335620198
nzd0161,nzd0161-0187,-0.35300801129606935
nzd0161,nzd0161-0187,-0.4895851771507333
nzd0161,nzd0161-0187,-0.3146484126549704
nzd0161,nzd0161-0187,-0.16647754224315767
nzd0161,nzd0161-0187,0.06864268222037742
nzd0161,nzd0161-0187,-0.26407644577144085
nzd0161,nzd0161-0187,-0.27266587362596006
nzd0161,nzd0161-0187,-0.34786622034810816
nzd0161,nzd0161-0187,-0.368805760766794
nzd0161,nzd0161-0187,-0.02138600460743243
nzd0161,nzd0161-0187,-0.49266393078949516
nzd0161,nzd0161-0187,-0.6125794483041885
nzd0161,nzd0161-0187,-0.2295421063790263
nzd0161,nzd0161-0187,-0.35901516073540957
nzd0161,nzd0161-0187,-0.38618463328631564
nzd0161,nzd0161-0187,-0.2476393824578434
nzd0161,nzd0161-0187,-0.07664529581890203
nzd0161,nzd0161-0187,-0.09500757393005237
nzd0161,nzd0161-0187,0.011231406161735995
nzd0161,nzd0161-0187,-0.2804070242929225
nzd0161,nzd0161-0187,-0.167494175869858
nzd0161,nzd0161-0187,-0.20620047988588547
nzd0161,nzd0161-0187,0.3221792094937372
nzd0161,nzd0161-0187,-0.15502336098133335
nzd0161,nzd0161-0187,-0.2969716483242675
nzd0161,nzd0161-0187,-0.19650550248223983
nzd0161,nzd0161-0187,-0.2916739348088563
nzd0161,nzd0161-0187,-0.2556148328114643
nzd0161,nzd0161-0187,-0.23885362183546993
nzd0161,nzd0161-0187,-0.33849722016323586
nzd0161,nzd0161-0187,-0.3856010832479976
nzd0161,nzd0161-0187,-0.06267975787880728
nzd0161,nzd0161-0187,-0.3232345813303194
nzd0161,nzd0161-0187,-0.33876258430851863
nzd0161,nzd0161-0187,-0.0728761901619035
nzd0161,nzd0161-0187,-0.7150894311822281
nzd0161,nzd0161-0187,-0.41153058495434414
nzd0161,nzd0161-0187,-0.3709469597275435
nzd0161,nzd0161-0187,-0.36756156142083424
nzd0161,nzd0161-0187,0.09830415973781816
nzd0161,nzd0161-0187,-0.06182331679415673
nzd0161,nzd0161-0187,-0.3134687872047018
nzd0161,nzd0161-0187,-0.3368848406947471
nzd0161,nzd0161-0187,-0.11525996356763066
nzd0161,nzd0161-0187,-0.28121227338775745
nzd0161,nzd0161-0187,-0.4410569216116416
nzd0161,nzd0161-0187,-0.41565120293710545
nzd0161,nzd0161-0187,-0.10460873330061159
nzd0161,nzd0161-0187,-0.3324631125991385
nzd0161,nzd0161-0187,-0.36314883846871593
nzd0161,nzd0161-0187,-0.5451503121941086
nzd0161,nzd0161-0187,-0.22660670897463023
nzd0161,nzd0161-0187,0.4778593345272077
nzd0161,nzd0161-0187,-0.659459458977088
nzd0161,nzd0161-0187,-0.2447450873138362
nzd0161,nzd0161-0187,-0.33907128177213725
nzd0161,nzd0161-0187,-0.15650079370842393
nzd0161,nzd0161-0187,-0.16997080122445707
nzd0161,nzd0161-0187,-0.05547006828820615
nzd0161,nzd0161-0187,-0.04739207040789097
nzd0161,nzd0161-0187,-0.2643733772993698
nzd0161,nzd0161-0187,-0.2864355043647334
nzd0161,nzd0161-0187,-0.07266896581372478
nzd0161,nzd0161-0187,0.04194937573561693
nzd0161,nzd0161-0187,0.9377921122062858
nzd0161,nzd0161-0187,-0.7285221241781253
nzd0161,nzd0161-0187,-0.2776600407079668
nzd0161,nzd0161-0187,-0.1288291768186804
nzd0161,nzd0161-0187,-0.35853864491401183
nzd0161,nzd0161-0187,-0.32556024539855616
nzd0161,nzd0161-0187,-0.3452629367582608
nzd0161,nzd0161-0187,-0.2678605623212903
nzd0161,nzd0161-0187,-0.21404977805347863
nzd0161,nzd0161-0187,-0.6133678016951134
nzd0161,nzd0161-0187,-0.13947915342261497
nzd0161,nzd0161-0187,-0.19940142920634701
nzd0161,nzd0161-0187,-0.010857899088328274
nzd0161,nzd0161-0187,-0.32861017241626383
nzd0161,nzd0161-0187,-0.27966065299624976
nzd0161,nzd0161-0187,-0.40181694414493757
nzd0161,nzd0161-0187,0.3135668683344472
nzd0161,nzd0161-0187,-0.12801376308651535
nzd0161,nzd0161-0187,1.1421038885188575
nzd0161,nzd0161-0187,-0.21809524644236028
nzd0161,nzd0161-0187,-0.24291882677680554
nzd0161,nzd0161-0187,-0.398907073766718
nzd0161,nzd0161-0187,-0.3636122366785694
nzd0161,nzd0161-0187,-0.30857327932502215
nzd0161,nzd0161-0187,-0.09811947346225669
nzd0161,nzd0161-0187,-0.007948107721275873
nzd0161,nzd0161-0187,0.12917860570326123
nzd0161,nzd0161-0187,-0.2831246877621268
nzd0161,nzd0161-0187,0.15144891217031264
nzd0161,nzd0161-0187,-0.14150297231462905
nzd0161,nzd0161-0187,-0.3440221355755782
nzd0161,nzd0161-0187,0.05711237251884312
nzd0161,nzd0161-0187,-0.32167220602276425
nzd0161,nzd0161-0187,-0.3293971882141503
nzd0161,nzd0161-0187,-0.09824348535969035
nzd0161,nzd0161-0187,-0.16419572211053488
nzd0161,nzd0161-0187,-0.29095822683212996
nzd0161,nzd0161-0187,-0.41774003761504336
nzd0161,nzd0161-0187,-0.4364711556210479
nzd0161,nzd0161-0187,-0.3017039798905817
nzd0161,nzd0161-0187,-0.42314655471720714
nzd0161,nzd0161-0187,-0.33833411833884414
nzd0161,nzd0161-0187,-0.33800724466085
nzd0161,nzd0161-0187,-0.7596669571430733
nzd0161,nzd0161-0187,-0.18046902479766763
nzd0161,nzd0161-0187,-0.8138859771007516
nzd0161,nzd0161-0187,-0.3446033981922441
nzd0161,nzd0161-0187,0.05037725799463165
nzd0161,nzd0161-0187,-0.32425075335701653
nzd0161,nzd0161-0187,-0.29432041749115984
nzd0161,nzd0161-0187,-0.037691664391616454
nzd0161,nzd0161-0187,-0.2341048817294681
nzd0161,nzd0161-0187,-0.2502143113698805
nzd0161,nzd0161-0187,-0.24924159689451594
nzd0161,nzd0161-0187,-0.22297751072184321
nzd0161,nzd0161-0187,-0.806217688698849
nzd0161,nzd0161-0187,-0.3376513566659925
nzd0161,nzd0161-0187,-0.05859936482124391
nzd0161,nzd0161-0187,-0.701259214353154
nzd0161,nzd0161-0187,-0.13310941887009503
nzd0161,nzd0161-0187,1.0817125493778288
nzd0161,nzd0161-0187,-0.0671299395829167
nzd0161,nzd0161-0187,-0.024125206229704998
nzd0161,nzd0161-0187,-0.3308432094762238
nzd0161,nzd0161-0187,-0.16679633045311207
nzd0161,nzd0161-0187,-0.28502540674746574
nzd0161,nzd0161-0187,-0.3505553782761155
nzd0161,nzd0161-0187,-0.3195722522632858
nzd0161,nzd0161-0187,-0.034298553915835965
nzd0161,nzd0161-0187,-0.12655518598416607
nzd0161,nzd0161-0187,-0.3272673888241777
nzd0161,nzd0161-0187,-0.1930620188814867
nzd0161,nzd0161-0187,0.0459012088287857
nzd0161,nzd0161-0187,0.5219473646951842
nzd0161,nzd0161-0187,-0.13730289315749317
nzd0161,nzd0161-0187,-0.19971668947551216
nzd0161,nzd0161-0187,-0.3093265550443486
nzd0161,nzd0161-0187,-0.039740703730374936
nzd0161,nzd0161-0187,-0.4224328228403134
nzd0161,nzd0161-0187,-0.16914509129195343
nzd0161,nzd0161-0187,-0.16411776899212227
nzd0161,nzd0161-0187,-0.14159817198637598
nzd0161,nzd0161-0187,0.017096493521240437
nzd0161,nzd0161-0187,0.0585831631962074
nzd0161,nzd0161-0187,-0.31062105821436775
nzd0161,nzd0161-0187,-0.1282685646982931
nzd0161,nzd0161-0187,-0.12572992706925387
nzd0161,nzd0161-0187,-0.3907854428286267
nzd0161,nzd0161-0187,-0.33466169362931825
nzd0161,nzd0161-0187,-0.47217900573590416
nzd0161,nzd0161-0187,-0.1447074331137196
nzd0161,nzd0161-0187,-0.22348546937225794
nzd0161,nzd0161-0187,-0.30814458559935903
nzd0161,nzd0161-0187,-0.018317558787893703
nzd0161,nzd0161-0187,-0.435941665922777
nzd0161,nzd0161-0187,-0.42169353538318627
nzd0161,nzd0161-0187,-0.34886146007789565
nzd0161,nzd0161-0187,-0.26857711764471626
nzd0161,nzd0161-0187,0.7009631873557509
nzd0161,nzd0161-0187,-0.2750920088523435
nzd0161,nzd0161-0187,-0.431551692354451
nzd0161,nzd0161-0187,-0.1196126750490496
nzd0161,nzd0161-0187,-0.4083705647358394
nzd0161,nzd0161-0187,-0.27801374692507347
nzd0161,nzd0161-0187,-0.06094104638141722
nzd0161,nzd0161-0187,-0.35631963561725344
nzd0161,nzd0161-0187,0.022238394022345544
nzd0161,nzd0161-0187,-0.3480252693069572
nzd0161,nzd0161-0187,-0.35020355855716184
nzd0161,nzd0161-0187,0.7614258121276102
nzd0161,nzd0161-0187,-0.11909683338704234
nzd0161,nzd0161-0187,-0.3557736928437067
nzd0161,nzd0161-0187,-0.17466074228117817
nzd0161,nzd0161-0187,-0.29214101589603514
nzd0161,nzd0161-0187,0.9648969853621462
nzd0161,nzd0161-0187,-0.17642397161757462
nzd0161,nzd0161-0187,-0.11514883279821637
nzd0161,nzd0161-0187,-0.010728957652286215
nzd0161,nzd0161-0187,-0.12182470652106427
nzd0161,nzd0161-0187,-0.3000988343788505
nzd0161,nzd0161-0187,-0.21120315812581666
nzd0161,nzd0161-0187,-0.16150401060097833
nzd0161,nzd0161-0187,-0.3522859903241858
nzd0161,nzd0161-0187,-0.33036182950772564
nzd0161,nzd0161-0187,-0.31019307550630204
nzd0161,nzd0161-0187,0.014740158220248484
nzd0161,nzd0161-0187,-0.21573336914322755
nzd0161,nzd0161-0187,-0.2545277862282169
nzd0161,nzd0161-0187,-0.28859191104527865
nzd0161,nzd0161-0187,0.08101972158588429
nzd0161,nzd0161-0187,-0.2758509506916774
nzd0161,nzd0161-0187,-0.3516286471247077
nzd0161,nzd0161-0187,-0.4786767186807977
nzd0161,nzd0161-0187,-0.3661133697892621
nzd0161,nzd0161-0187,-0.7233265187570933
nzd0161,nzd0161-0187,-0.6895243996536363
nzd0161,nzd0161-0187,-0.671397894719726
nzd0161,nzd0161-0187,-0.23301849955394888
nzd0161,nzd0161-0187,-0.33795737559871153
nzd0161,nzd0161-0187,-0.32709878653109226
nzd0161,nzd0161-0187,-0.12349344967179925
nzd0161,nzd0161-0187,-0.1564170087295452
nzd0161,nzd0161-0187,-0.0557742923236341
nzd0161,nzd0161-0187,-0.10071905207996558
nzd0161,nzd0161-0187,-0.2928978783393639
nzd0161,nzd0161-0187,-0.3359849846625137
nzd0161,nzd0161-0187,-0.32575295722340647
nzd0161,nzd0161-0187,-0.05408965847133887
nzd0161,nzd0161-0187,-0.25272614660293014
nzd0161,nzd0161-0187,0.11090403961889737
nzd0161,nzd0161-0187,-0.2517352211236942
nzd0161,nzd0161-0187,-0.03789355899223825
nzd0161,nzd0161-0187,-0.3437270445794335
nzd0161,nzd0161-0187,-0.17449219178931644
nzd0161,nzd0161-0187,0.05638261636480096
nzd0161,nzd0161-0187,-0.055266967972144164
nzd0161,nzd0161-0187,-0.6937018474806309
nzd0161,nzd0161-0187,-0.46952317249432546
nzd0161,nzd0161-0187,-0.27026364931199043
nzd0161,nzd0161-0187,-0.23361456818613732
nzd0161,nzd0161-0187,0.5610247286563004
nzd0161,nzd0161-0187,-0.258773297304153
nzd0161,nzd0161-0187,-0.540606114514626
nzd0161,nzd0161-0187,-0.01908676355955304
nzd0161,nzd0161-0187,-0.4026131820695368
nzd0161,nzd0161-0187,-0.4009071514875234
nzd0161,nzd0161-0187,-0.3039165376587586
nzd0161,nzd0161-0187,-0.03416619004467321
nzd0161,nzd0161-0187,-0.382904964007146
nzd0161,nzd0161-0187,-0.6310104514343788
nzd0161,nzd0161-0187,-0.01711380955629372
nzd0161,nzd0161-0187,-0.5121773280882577
nzd0161,nzd0161-0187,0.18305015973956898
nzd0161,nzd0161-0187,-0.3127201016411683
nzd0161,nzd0161-0187,-0.3623691258792838
nzd0161,nzd0161-0187,-0.23155485350951394
nzd0161,nzd0161-0187,-0.3876976997117774
nzd0161,nzd0161-0187,-0.5726689745265415
nzd0161,nzd0161-0187,-0.20698569260602484
nzd0161,nzd0161-0187,-0.05709695093793152
nzd0161,nzd0161-0187,-0.2853651802348035
nzd0161,nzd0161-0187,-0.4186075013774557
nzd0161,nzd0161-0187,-0.42400194067239855
nzd0161,nzd0161-0187,-0.013064773031401704
nzd0161,nzd0161-0187,-0.047144280909282195
nzd0161,nzd0161-0187,-0.40840404098072736
nzd0161,nzd0161-0187,-0.34153750494899754
nzd0161,nzd0161-0187,0.11234104710933174
nzd0161,nzd0161-0187,-0.391394279247619
nzd0161,nzd0161-0187,-0.04098477967625723
nzd0161,nzd0161-0187,-0.03467013974223275
nzd0161,nzd0161-0187,-0.29657655213017176
nzd0161,nzd0161-0187,0.07198175615609204
nzd0161,nzd0161-0187,-0.3092864504582158
nzd0161,nzd0161-0187,-0.3685460992213946
nzd0161,nzd0161-0187,-0.05073642161763842
nzd0161,nzd0161-0187,-0.42082212127070134
nzd0161,nzd0161-0187,-0.48469589042132255
nzd0161,nzd0161-0187,-0.6493032588647387
nzd0161,nzd0161-0187,-0.30900779402146755
nzd0161,nzd0161-0187,0.05479817256694893
nzd0161,nzd0161-0187,-0.39399871592101415
nzd0161,nzd0161-0187,0.06093840739158522
nzd0161,nzd0161-0187,-0.24019590216959558
nzd0161,nzd0161-0187,-0.2619278112054893
nzd0161,nzd0161-0187,-0.221752188815178
nzd0161,nzd0161-0187,0.18938595088343707
nzd0161,nzd0161-0187,-0.23429805576807577
nzd0161,nzd0161-0187,-0.11626618785594023
nzd0161,nzd0161-0187,-0.928694617305687
nzd0161,nzd0161-0187,0.01590277336374474
nzd0161,nzd0161-0187,-0.11593010027329176
nzd0161,nzd0161-0187,-0.3032270630684515
nzd0161,nzd0161-0187,0.5451930784551394
nzd0161,nzd0161-0187,-0.3531982310255668
nzd0161,nzd0161-0187,-0.2657495079083861
nzd0161,nzd0161-0187,-0.3296398869496055
nzd0161,nzd0161-0187,-0.12953569945475557
nzd0161,nzd0161-0187,0.8498142691914196
nzd0161,nzd0161-0187,-0.3274932170295095
nzd0161,nzd0161-0187,-1.3705667984844432
nzd0161,nzd0161-0187,-0.4671686046945224
nzd0161,nzd0161-0187,-0.0057615145579638155
nzd0161,nzd0161-0187,-0.3260405620769853
nzd0161,nzd0161-0187,-0.3296201512254789
nzd0161,nzd0161-0187,-0.594849210127482
nzd0161,nzd0161-0187,-0.2878862011674823
nzd0161,nzd0161-0187,-0.3518501293295584
nzd0161,nzd0161-0187,-0.3805724409658923
nzd0161,nzd0161-0187,-0.2360276795312451
nzd0161,nzd0161-0187,-0.15877479827808522
nzd0161,nzd0161-0187,-0.3631334129076144
nzd0161,nzd0161-0187,0.4240299925147277
nzd0161,nzd0161-0187,-0.025192533957321548
nzd0161,nzd0161-0187,-0.07873730554687099
nzd0161,nzd0161-0187,-0.13501206349333283
nzd0161,nzd0161-0187,-0.2719596230169234
nzd0161,nzd0161-0187,0.06046456981146661
nzd0161,nzd0161-0187,-0.1933484795672769
nzd0161,nzd0161-0187,-0.12190608765706698
nzd0161,nzd0161-0187,-0.02223344756705096
nzd0161,nzd0161-0187,-0.31043609673327865
nzd0161,nzd0161-0187,-0.28942839534213993
nzd0161,nzd0161-0187,-0.17746338823844635
nzd0161,nzd0161-0187,-0.26572185758318506
nzd0161,nzd0161-0187,-0.14132917093292335
nzd0161,nzd0161-0187,-0.09926305152833095
nzd0161,nzd0161-0187,-0.22629764349165213
nzd0161,nzd0161-0187,-0.3299502163468001
nzd0161,nzd0161-0187,-0.3645835925041558
nzd0161,nzd0161-0187,-0.07933154535301724
nzd0161,nzd0161-0187,-0.07015404745257932
nzd0161,nzd0161-0187,-0.3446564999587936
nzd0161,nzd0161-0187,0.15675479510501036
nzd0161,nzd0161-0187,-0.14185072972062204
nzd0161,nzd0161-0187,-0.536666768144582
nzd0161,nzd0161-0187,-0.3039752574025724
nzd0161,nzd0161-0187,-0.49659907152335864
nzd0161,nzd0161-0187,-0.3234586476556081
nzd0161,nzd0161-0187,-0.3271565887328052
nzd0161,nzd0161-0187,-0.92685327379704
nzd0161,nzd0161-0187,-0.17056632570726618
nzd0161,nzd0161-0187,-0.16648933182751582
nzd0161,nzd0161-0187,-0.2446837544110013
nzd0161,nzd0161-0187,-1.053710687848118
nzd0161,nzd0161-0187,-0.1236696996364124
nzd0161,nzd0161-0187,-0.23429033737722776
nzd0161,nzd0161-0187,0.044509392436251925
nzd0161,nzd0161-0187,-0.2618866240301363
nzd0161,nzd0161-0187,0.003905679361836612
nzd0161,nzd0161-0187,-0.2797993711596421
nzd0161,nzd0161-0187,-0.45975501423684045
nzd0161,nzd0161-0187,-0.12228252675691693
nzd0161,nzd0161-0187,-1.8434131945450503
nzd0161,nzd0161-0187,0.011282319253426074
nzd0161,nzd0161-0187,-0.19341783313240074
nzd0161,nzd0161-0187,-0.3802447056141779
nzd0161,nzd0161-0187,-0.2364881097440056
nzd0161,nzd0161-0187,-0.2979837240964797
nzd0161,nzd0161-0187,0.30707048024062766
nzd0161,nzd0161-0187,-0.434633809579285
nzd0161,nzd0161-0187,-0.21320608163126875
nzd0161,nzd0161-0187,-0.19259157006468985
nzd0161,nzd0161-0187,-0.09174908561717465
nzd0161,nzd0161-0187,-0.2128989710174126
nzd0161,nzd0161-0187,-0.33432448065821146
nzd0161,nzd0161-0187,-0.4500028510019742
nzd0161,nzd0161-0187,-0.36373965236591227
nzd0161,nzd0161-0187,1.080946948837728
nzd0161,nzd0161-0187,-0.32487702869967144
nzd0161,nzd0161-0187,-0.09903835069877502
nzd0161,nzd0161-0187,-0.41434567009974765
nzd0161,nzd0161-0187,-0.08714318684539737
nzd0161,nzd0161-0187,-0.2133070215662268
nzd0161,nzd0161-0187,-0.17440265386323703
nzd0161,nzd0161-0187,-0.7747361522189339
nzd0161,nzd0161-0187,-0.31692756448296283
nzd0161,nzd0161-0187,-0.49380532268240585
nzd0161,nzd0161-0187,-0.31426323202647255
nzd0161,nzd0161-0187,0.10535667486191698
nzd0161,nzd0161-0187,-0.322284672351015
nzd0161,nzd0161-0187,-0.5711063206421442
nzd0161,nzd0161-0187,-0.33109396958721454
nzd0161,nzd0161-0187,-0.21497772601333862
nzd0161,nzd0161-0187,-0.24525892342922548
nzd0161,nzd0161-0187,-0.13785284095977765
nzd0161,nzd0161-0187,-0.3149862732140481
nzd0161,nzd0161-0187,-0.415493601396928
nzd0161,nzd0161-0187,0.14039934792421369
nzd0161,nzd0161-0187,0.3948506186144621
nzd0161,nzd0161-0187,-0.29948017816709793
nzd0161,nzd0161-0187,0.8336755665098129
nzd0161,nzd0161-0187,-0.3006314738702648
nzd0161,nzd0161-0187,-0.10188041978257098
nzd0161,nzd0161-0187,0.13378452584978193
nzd0161,nzd0161-0187,-0.30019135763199234
nzd0161,nzd0161-0187,-0.1513910272336479
nzd0161,nzd0161-0187,-0.25363154681784306
nzd0161,nzd0161-0187,-0.04963955412966533
nzd0161,nzd0161-0187,-0.40878778749865796
nzd0161,nzd0161-0187,-0.3689201665265538
nzd0161,nzd0161-0187,-0.24342747829927947
nzd0161,nzd0161-0187,-0.13687449697396561
nzd0161,nzd0161-0187,-0.09651957080628103
nzd0161,nzd0161-0187,-0.20641312893302202
nzd0161,nzd0161-0187,-0.039661510880397224
nzd0161,nzd0161-0187,-0.18381522307814216
nzd0161,nzd0161-0187,-0.31699934420293
nzd0161,nzd0161-0187,-0.29770827491061014
nzd0161,nzd0161-0187,0.291912408771869
nzd0161,nzd0161-0187,-0.23570431043554077
nzd0161,nzd0161-0187,-0.1936027865350738
nzd0161,nzd0161-0187,-0.28771790349044885
nzd0161,nzd0161-0187,0.08887044495259991
nzd0161,nzd0161-0187,-0.42407295418379753
nzd0161,nzd0161-0187,-0.4265685837524129
nzd0161,nzd0161-0187,-0.1602161548253968
nzd0161,nzd0161-0187,-0.11750994044193534
nzd0161,nzd0161-0187,-0.13007902868447183
nzd0161,nzd0161-0187,-0.05607819060916709
nzd0161,nzd0161-0187,-0.03386550092884935
nzd0161,nzd0161-0187,-0.4003541226780375
nzd0161,nzd0161-0187,-0.309216640114162
nzd0161,nzd0161-0187,-0.4302146042149775
nzd0161,nzd0161-0187,-0.12650371523405274
nzd0161,nzd0161-0187,-0.1507461833645368
nzd0161,nzd0161-0187,-0.6217388367812229
nzd0161,nzd0161-0187,-0.14517223568774373
nzd0161,nzd0161-0187,0.24496305008408006
nzd0161,nzd0161-0187,-0.34002611071112254
nzd0161,nzd0161-0187,0.057792450428712214
nzd0161,nzd0161-0187,0.03749752023448584
nzd0161,nzd0161-0187,-0.3314677532184949
nzd0161,nzd0161-0187,-0.4760408139645535
nzd0161,nzd0161-0187,0.005695730647961905
nzd0161,nzd0161-0187,-0.3925174387766566
nzd0161,nzd0161-0187,-0.3108646180380018
nzd0161,nzd0161-0187,-0.620932636689429
nzd0161,nzd0161-0187,-0.27755874503642697
nzd0161,nzd0161-0187,-0.295020003101524
nzd0161,nzd0161-0187,-0.32655692802509345
nzd0161,nzd0161-0187,-0.19295930744846754
nzd0161,nzd0161-0187,-0.2594808102035962
nzd0161,nzd0161-0187,-0.23401292034937393
nzd0161,nzd0161-0187,-0.16692821264053223
nzd0161,nzd0161-0187,-0.14448262628920214
nzd0161,nzd0161-0187,-0.11871723310159296
nzd0161,nzd0161-0187,-0.36412166878017005
nzd0161,nzd0161-0187,-0.13578820234029312
nzd0161,nzd0161-0187,-0.38407484123396696
nzd0161,nzd0161-0187,-0.21333157357109347
nzd0161,nzd0161-0187,-0.2663667757276954
nzd0161,nzd0161-0187,-0.19026062677803132
nzd0161,nzd0161-0187,-0.0010217110956558405
nzd0161,nzd0161-0187,-0.1346787201189583
nzd0161,nzd0161-0187,0.2396717537415675
nzd0161,nzd0161-0187,-0.1693061635342525
nzd0161,nzd0161-0187,-0.33091931128442814
nzd0161,nzd0161-0187,-0.22500634590689658
nzd0161,nzd0161-0187,-0.4384582604560273
nzd0161,nzd0161-0187,0.3063996078439757
nzd0161,nzd0161-0187,-0.1162324376308746
nzd0161,nzd0161-0187,-0.33580730981789836
nzd0161,nzd0161-0187,-0.48828578668419037
nzd0161,nzd0161-0187,0.062014807981800375
nzd0161,nzd0161-0187,-0.06973489593371934
nzd0161,nzd0161-0187,-0.6768857245180595
nzd0161,nzd0161-0187,-0.420187618363035
nzd0161,nzd0161-0187,-0.5107732799855823
nzd0161,nzd0161-0187,0.3530235254012978
nzd0161,nzd0161-0187,-0.3285902557317321
nzd0161,nzd0161-0187,-0.14280437803965929
nzd0161,nzd0161-0187,-0.4634437956407889
nzd0161,nzd0161-0187,-0.1730212240925322
nzd0161,nzd0161-0187,-0.1499936707747373
nzd0161,nzd0161-0187,0.3020813118808342
nzd0161,nzd0161-0187,-0.028356856774783695
nzd0161,nzd0161-0187,-1.862712745862136
nzd0161,nzd0161-0187,-0.547194202050965
nzd0161,nzd0161-0187,-0.5611312642160889
nzd0161,nzd0161-0187,-0.2095649216396106
nzd0161,nzd0161-0187,-0.04428223635306083
nzd0161,nzd0161-0187,-0.5508618822832687
nzd0161,nzd0161-0187,-0.22799155863212178
nzd0161,nzd0161-0187,0.1938132379346783
nzd0161,nzd0161-0187,-0.2582187507401938
nzd0161,nzd0161-0187,-0.5895153214289801
nzd0161,nzd0161-0187,-0.3623439781539243
nzd0161,nzd0161-0187,-0.2699340674362376
nzd0161,nzd0161-0187,-0.3566700923012131
nzd0161,nzd0161-0187,-0.07079335890166888
nzd0161,nzd0161-0187,-0.02232645205335222
nzd0161,nzd0161-0187,-0.20339857529241592
nzd0161,nzd0161-0187,0.21690543827745726
nzd0161,nzd0161-0187,-0.2943439307999969
nzd0161,nzd0161-0187,-0.449497101940249
nzd0161,nzd0161-0187,-0.1904488757083477
nzd0161,nzd0161-0187,-0.2978845635076066
nzd0161,nzd0161-0187,-0.07018644508116902
nzd0161,nzd0161-0187,-0.12399391847526861
nzd0161,nzd0161-0187,-0.3478005576671119
nzd0161,nzd0161-0187,-0.3684714886632763
nzd0161,nzd0161-0187,-0.3793048219224172
nzd0161,nzd0161-0187,-0.5853378108468611
nzd0161,nzd0161-0187,-0.2885663523627723
nzd0161,nzd0161-0187,-0.3162060953356521
nzd0161,nzd0161-0187,-0.22408103988121278
nzd0161,nzd0161-0187,-0.32603310632111265
nzd0161,nzd0161-0187,-0.08356470904273232
nzd0161,nzd0161-0187,-0.07518811847320271
nzd0161,nzd0161-0187,0.13937527209686093
nzd0161,nzd0161-0187,-0.4997968607637605
nzd0161,nzd0161-0187,-0.29120743115257386
nzd0161,nzd0161-0187,-0.3788725970743105
nzd0161,nzd0161-0187,-0.10523772001295456
nzd0161,nzd0161-0187,0.2321117354514472
nzd0161,nzd0161-0187,-0.027677950941401477
nzd0161,nzd0161-0187,-0.33460351807384303
nzd0161,nzd0161-0187,-0.1614997056721396
nzd0161,nzd0161-0187,-0.21455382419989344
nzd0161,nzd0161-0187,-0.7250865301482778
nzd0161,nzd0161-0187,-0.0560485718801321
nzd0161,nzd0161-0187,-0.08763127275145617
nzd0161,nzd0161-0187,-0.2547016224932694
nzd0161,nzd0161-0187,-0.36321155263565386
nzd0161,nzd0161-0187,-0.29049933030694025
nzd0161,nzd0161-0187,-0.572872425512664
nzd0161,nzd0161-0187,0.24184161130545304
nzd0161,nzd0161-0187,-0.1703322113950434
nzd0161,nzd0161-0187,0.10277164650202888
nzd0161,nzd0161-0187,0.6958090677628926
nzd0161,nzd0161-0187,-0.23143001382904335
nzd0161,nzd0161-0187,-0.2663419832131309
nzd0161,nzd0161-0187,-0.11969138670755822
nzd0161,nzd0161-0187,-0.19737690910535327
nzd0161,nzd0161-0187,-0.2677562746826009
nzd0161,nzd0161-0187,-0.21625380367028685
nzd0161,nzd0161-0187,0.029842796308933016
nzd0161,nzd0161-0187,-0.5536489256332542
nzd0161,nzd0161-0187,-0.3306870344338336
nzd0161,nzd0161-0187,-0.06790200278084561
nzd0161,nzd0161-0187,-0.31537511402832147
nzd0161,nzd0161-0187,-0.3052830118341444
nzd0161,nzd0161-0187,-0.17422044617905477
nzd0161,nzd0161-0187,-0.31199821693161145
nzd0161,nzd0161-0187,-0.2688279236380904
nzd0161,nzd0161-0187,-0.23858121172944696
nzd0161,nzd0161-0187,-0.30997712970806607
nzd0161,nzd0161-0187,0.8827872554778432
nzd0161,nzd0161-0187,-0.04000827449359973
nzd0161,nzd0161-0187,-0.042253240299662244
nzd0161,nzd0161-0187,-0.1882011176047234
nzd0161,nzd0161-0187,-0.1748433946718356
nzd0161,nzd0161-0187,-0.2328139162422288
nzd0161,nzd0161-0187,-0.5128374335025517
nzd0161,nzd0161-0187,-0.3663220032637762
nzd0161,nzd0161-0187,0.4720220681443395
nzd0161,nzd0161-0187,-0.3543954544404191
nzd0161,nzd0161-0187,-0.3138919500340389
nzd0161,nzd0161-0187,-1.6030187287861606
nzd0161,nzd0161-0187,-0.3421000860582971
nzd0161,nzd0161-0187,-0.33067848567530916
nzd0161,nzd0161-0187,-0.3764594364684048
nzd0161,nzd0161-0187,-0.27324070331064015
nzd0161,nzd0161-0187,-0.27142778754575636
nzd0161,nzd0161-0187,-0.36489257920344415
nzd0161,nzd0161-0187,0.05956379631433953
nzd0161,nzd0161-0187,-0.2090775017167795
nzd0161,nzd0161-0187,-0.24324328293277256
nzd0161,nzd0161-0187,-0.36199713149835966
nzd0161,nzd0161-0187,-0.055585603539623545
nzd0161,nzd0161-0187,-0.2869283179022394
nzd0161,nzd0161-0187,0.23020289155043702
nzd0161,nzd0161-0187,-0.18132756788245477
nzd0161,nzd0161-0187,-0.3292541470010922
nzd0161,nzd0161-0187,-0.2117639970152633
nzd0161,nzd0161-0187,0.28752424702606233
nzd0161,nzd0161-0187,0.13284515148027737
nzd0161,nzd0161-0187,-0.35254072869378705
nzd0161,nzd0161-0187,-0.11752113516898706
nzd0161,nzd0161-0187,-0.10513512392921806
nzd0161,nzd0161-0187,-0.19841511358661057
nzd0161,nzd0161-0187,-0.06549943491739055
nzd0161,nzd0161-0187,-0.08568771631747014
nzd0161,nzd0161-0187,-0.15555660951531636
nzd0161,nzd0161-0187,-0.5825075867485847
nzd0161,nzd0161-0187,-0.1786937918189091
nzd0161,nzd0161-0187,-0.45061845656823224
nzd0161,nzd0161-0187,-0.17750475112347466
nzd0161,nzd0161-0187,-0.4590954905157692
nzd0161,nzd0161-0187,-0.2866609371191248
nzd0161,nzd0161-0187,-0.2119550980123247
nzd0161,nzd0161-0187,-0.26833036756271483
nzd0161,nzd0161-0187,-0.12569693004281596
nzd0161,nzd0161-0187,-0.07809656189759984
nzd0161,nzd0161-0187,-0.3307312076672261
nzd0161,nzd0161-0187,-0.7096235670184795
nzd0161,nzd0161-0187,-0.16283524079688488
nzd0161,nzd0161-0187,-0.3135221978347447
nzd0161,nzd0161-0187,-0.6009518604834084
nzd0161,nzd0161-0187,-0.6520193478449748
nzd0161,nzd0161-0187,-0.33861569268167285
nzd0161,nzd0161-0187,-0.2008944567383735
nzd0161,nzd0161-0187,-0.20940619273336047
nzd0161,nzd0161-0187,-0.36049576536594746
nzd0161,nzd0161-0187,-0.20340876052870638
nzd0161,nzd0161-0187,-0.3154184196435479
nzd0161,nzd0161-0187,-0.25228171088548385
nzd0161,nzd0161-0187,-0.40412789796302856
nzd0161,nzd0161-0187,-0.16935919827257687
nzd0161,nzd0161-0187,-0.33882275658770444
nzd0161,nzd0161-0187,-0.3066909931041014
nzd0161,nzd0161-0187,-0.4654302188975269
nzd0161,nzd0161-0187,-0.04199511250708537
nzd0161,nzd0161-0187,-0.12317343257404831
nzd0161,nzd0161-0187,-0.3534126375133309
nzd0161,nzd0161-0187,-0.3082027034196344
nzd0161,nzd0161-0187,-0.20519461671769787
nzd0161,nzd0161-0187,-0.046105801053490256
nzd0161,nzd0161-0187,0.09258523987701463
nzd0161,nzd0161-0187,-0.30671973477898024
nzd0161,nzd0161-0187,-0.34008816071339937
nzd0161,nzd0161-0187,-0.36537969694662004
nzd0161,nzd0161-0187,-0.02797647000550414
nzd0161,nzd0161-0187,-0.40053203956477684
nzd0161,nzd0161-0187,-0.26643439550856934
nzd0161,nzd0161-0187,-0.40097813329149257
nzd0161,nzd0161-0187,-0.01682147527980612
nzd0161,nzd0161-0187,-0.4581242050727768
nzd0161,nzd0161-0187,-0.3145594835492226
nzd0161,nzd0161-0187,-0.3235494927048562
nzd0161,nzd0161-0187,-0.2502684019207245
nzd0161,nzd0161-0187,-0.28753815173683495
nzd0161,nzd0161-0187,-0.16525441460321175
nzd0161,nzd0161-0187,-0.14767939687966614
nzd0161,nzd0161-0187,-0.2900953247571225
nzd0161,nzd0161-0187,-0.13664528517780947
nzd0161,nzd0161-0187,-0.025276781299267415
nzd0161,nzd0161-0187,-0.18731349081347076
nzd0161,nzd0161-0187,-0.2327086878452097
nzd0161,nzd0161-0187,-0.3564740884339694
nzd0161,nzd0161-0187,-0.19374371909834526
nzd0161,nzd0161-0187,-0.26274529164671473
nzd0161,nzd0161-0187,-0.3092657843129116
nzd0161,nzd0161-0187,-0.36991052224044746
nzd0161,nzd0161-0187,-0.291559753702654
nzd0161,nzd0161-0187,-0.1232176231695838
nzd0161,nzd0161-0187,-0.6505180012694742
nzd0161,nzd0161-0187,-0.38775810754038526
nzd0161,nzd0161-0187,0.007029750017640023
nzd0161,nzd0161-0187,-0.1823633059288189
nzd0161,nzd0161-0187,1.2705328291290912
nzd0161,nzd0161-0187,-0.3846293324718188
nzd0161,nzd0161-0187,-0.2247727954525222
nzd0161,nzd0161-0187,-0.4966539391923216
nzd0161,nzd0161-0187,-0.2353071407039479
nzd0161,nzd0161-0187,0.02364614257096424
nzd0161,nzd0161-0187,0.13544273714791344
nzd0161,nzd0161-0187,-0.3153951635217621
nzd0161,nzd0161-0187,-0.4590435343715741
nzd0161,nzd0161-0187,-0.34960553198742084
nzd0161,nzd0161-0187,0.21542763141900817
nzd0161,nzd0161-0187,-0.3897492846035648
nzd0161,nzd0161-0187,-0.030094476294740907
nzd0161,nzd0161-0187,-0.2973027598218804
nzd0161,nzd0161-0187,0.09191147145502256
nzd0161,nzd0161-0187,-0.5476306350456481
nzd0161,nzd0161-0187,-0.16498585083543724
nzd0161,nzd0161-0187,-0.5052279423005385
nzd0161,nzd0161-0187,-0.1142168477910111
nzd0161,nzd0161-0187,-0.3688366963843018
nzd0161,nzd0161-0187,-0.26869172030581306
nzd0161,nzd0161-0187,-0.3628807550895095
nzd0161,nzd0161-0187,-0.42213039266280455
nzd0161,nzd0161-0187,-0.3264428824277125
nzd0161,nzd0161-0187,-0.12649058947289432
nzd0161,nzd0161-0187,0.5319243224456405
nzd0161,nzd0161-0187,-0.1365805190262862
nzd0161,nzd0161-0187,-0.16640994741493662
nzd0161,nzd0161-0187,-0.30397260139714977
nzd0161,nzd0161-0187,-0.49558766961894085
nzd0161,nzd0161-0187,-0.20792601963778864
nzd0161,nzd0161-0187,-0.31213863448688023
nzd0161,nzd0161-0187,-0.10569158007481416
nzd0161,nzd0161-0187,-0.25717951607627476
nzd0161,nzd0161-0187,1.0643544261878861
nzd0161,nzd0161-0187,-0.27800872796409287
nzd0161,nzd0161-0187,0.44339772197397403
nzd0161,nzd0161-0187,-0.27683393545912627
nzd0161,nzd0161-0187,-0.32310004060334757
nzd0161,nzd0161-0187,0.403275444252471
nzd0161,nzd0161-0187,-0.3829117240291775
nzd0161,nzd0161-0187,-0.4016178339189016
nzd0161,nzd0161-0187,-0.5202578798342307
nzd0161,nzd0161-0187,-0.08571905667792112
nzd0161,nzd0161-0187,-0.26385443167415645
nzd0161,nzd0161-0187,-0.19376715472266848
nzd0161,nzd0161-0187,-0.07695614672986528
nzd0161,nzd0161-0187,-0.48748853411052123
nzd0161,nzd0161-0187,-0.35052246668870796
nzd0161,nzd0161-0187,-0.0580551658519298
nzd0161,nzd0161-0187,-0.10708598498899309
nzd0161,nzd0161-0187,-0.22596797981324215
nzd0161,nzd0161-0187,-0.43939445095824314
nzd0161,nzd0161-0187,-0.3888646452152569
nzd0161,nzd0161-0187,-0.159434958190892
nzd0161,nzd0161-0187,-0.48427284433909784
nzd0161,nzd0161-0187,-0.19192434664705924
nzd0161,nzd0161-0187,-0.1703107158592045
nzd0161,nzd0161-0187,-0.3043793334697274
nzd0161,nzd0161-0187,-0.3230566094279177
nzd0161,nzd0161-0187,0.5245991062362578
nzd0161,nzd0161-0187,-0.2951522979387979
nzd0161,nzd0161-0187,-0.3294120229719604
nzd0161,nzd0161-0187,-0.37706837452171416
nzd0161,nzd0161-0187,-0.2164665457919636
nzd0161,nzd0161-0187,-0.2990602520371222
nzd0161,nzd0161-0187,-0.3038087282573172
nzd0161,nzd0161-0187,-0.10895007522960344
nzd0161,nzd0161-0187,-0.23642848482146414
nzd0161,nzd0161-0187,-0.48066020997410364
nzd0161,nzd0161-0187,-0.4038759893413724
nzd0161,nzd0161-0187,-0.15522604209833735
nzd0161,nzd0161-0187,-0.3714872708200843
nzd0161,nzd0161-0187,-0.2094529571017537
nzd0161,nzd0161-0187,0.10727376434740672
nzd0161,nzd0161-0187,-0.47429025165480293
nzd0161,nzd0161-0187,0.05604668868943522
nzd0161,nzd0161-0187,-0.6246781908756566
nzd0161,nzd0161-0187,0.1044131298962246
nzd0161,nzd0161-0187,-0.29815961148002346
nzd0161,nzd0161-0187,-0.24513704002794573
nzd0161,nzd0161-0187,0.0019572819689600714
nzd0161,nzd0161-0187,-0.10199914502017848
nzd0161,nzd0161-0187,-0.0322206333934319
nzd0161,nzd0161-0187,-0.3889744715582641
nzd0161,nzd0161-0187,-0.11796330436914966
nzd0161,nzd0161-0187,-0.43636543904839203
nzd0161,nzd0161-0187,-0.17400739320008551
nzd0161,nzd0161-0187,-0.16931710493978536
nzd0161,nzd0161-0187,-0.25737148031759866
nzd0161,nzd0161-0187,-0.30186090264289767
nzd0161,nzd0161-0187,-0.3530902147969822
nzd0161,nzd0161-0187,-0.11975461384688756
nzd0161,nzd0161-0187,-0.3761952124308231
nzd0161,nzd0161-0187,-0.27739154603661953
nzd0161,nzd0161-0187,-0.28583916333185866
nzd0161,nzd0161-0187,0.7547944824713677
nzd0161,nzd0161-0187,-0.23108767343978803
nzd0161,nzd0161-0187,-0.3583969688769278
nzd0161,nzd0161-0187,-0.11937086225577004
nzd0161,nzd0161-0187,0.31828639190216385
nzd0161,nzd0161-0187,-0.4448324877280922
nzd0161,nzd0161-0187,-0.1543979278118989
nzd0161,nzd0161-0187,-0.3156464230256432
nzd0161,nzd0161-0187,0.3947201496961914
nzd0161,nzd0161-0187,-0.2708585384680748
nzd0161,nzd0161-0187,-0.3576409854594215
nzd0161,nzd0161-0187,-0.3979311455461705
nzd0161,nzd0161-0187,-0.4364058807876993
nzd0161,nzd0161-0187,-0.3135177916604749
nzd0161,nzd0161-0187,-0.1815369688169414
nzd0161,nzd0161-0187,-0.030013279676632903
nzd0161,nzd0161-0187,-0.16679024124421787
nzd0161,nzd0161-0187,-0.2595519826267446
nzd0161,nzd0161-0187,-0.18320147747498527
nzd0161,nzd0161-0187,-0.3814420246046146
nzd0161,nzd0161-0187,-0.1345171530502064
nzd0161,nzd0161-0187,-0.05158930927983679
nzd0161,nzd0161-0187,-0.32891806330724793
nzd0161,nzd0161-0187,0.03890375341306512
nzd0161,nzd0161-0187,-0.3931914831005269
nzd0161,nzd0161-0187,-0.18356715563131135
nzd0161,nzd0161-0187,-0.17129947814585936
nzd0161,nzd0161-0187,-0.30405844083454775
nzd0161,nzd0161-0187,-0.10566539879790203
nzd0161,nzd0161-0187,-0.43712340565653723
nzd0161,nzd0161-0187,-0.5318151910086367
nzd0161,nzd0161-0187,-0.169898229383622
nzd0161,nzd0161-0187,0.05854202407700254
nzd0161,nzd0161-0187,-0.10551448921717213
nzd0161,nzd0161-0187,-0.5236134598056627
nzd0161,nzd0161-0187,-0.2749001344098543
nzd0161,nzd0161-0187,-0.2116581810179789
nzd0161,nzd0161-0187,0.06847234958101982
nzd0161,nzd0161-0187,0.19339937932953252
nzd0161,nzd0161-0187,-0.3776203324632489
nzd0161,nzd0161-0187,0.1598810287495505
nzd0161,nzd0161-0187,-0.17355050718833737
nzd0161,nzd0161-0187,-0.35448268019507045
nzd0161,nzd0161-0187,-0.011748525820912981
nzd0161,nzd0161-0187,0.015937891554743858
nzd0161,nzd0161-0187,-0.5296132175668399
nzd0161,nzd0161-0187,-0.3322446244839602
nzd0161,nzd0161-0187,-0.17229274141123163
nzd0161,nzd0161-0187,0.581383118548121
nzd0161,nzd0161-0187,-0.09811434378066866
nzd0161,nzd0161-0187,0.04587368961443028
nzd0161,nzd0161-0187,0.08702449622876347
nzd0161,nzd0161-0187,-0.29345731704003647
nzd0161,nzd0161-0187,-0.1250916967669192
nzd0161,nzd0161-0187,0.1932411295628943
nzd0161,nzd0161-0187,-0.3942291606591923
nzd0161,nzd0161-0187,-0.7989251786613314
nzd0161,nzd0161-0187,-0.11835768241231089
nzd0161,nzd0161-0187,-0.09781043772259157
nzd0161,nzd0161-0187,-0.24017936821573868
nzd0161,nzd0161-0187,-0.26039470408642174
nzd0161,nzd0161-0187,-0.12048480318154135
nzd0161,nzd0161-0187,-0.22351984407656017
nzd0161,nzd0161-0187,0.09682904770439897
nzd0161,nzd0161-0187,0.311139446744097
nzd0161,nzd0161-0187,-0.15735904738818382
nzd0161,nzd0161-0187,-0.30809922076220575
nzd0161,nzd0161-0187,0.2960273240776617
nzd0161,nzd0161-0187,-0.2956211449021163
nzd0161,nzd0161-0187,-0.2511021995816857
nzd0161,nzd0161-0187,0.16896432859311364
nzd0161,nzd0161-0187,-0.35063365831530297
nzd0161,nzd0161-0187,-0.33510443315395183
nzd0161,nzd0161-0187,-0.08143940585801496
nzd0161,nzd0161-0187,-0.2516385472714512
nzd0161,nzd0161-0187,-2.0768456617840396
nzd0161,nzd0161-0187,-0.31659357137647876
nzd0161,nzd0161-0187,-0.22480775515215654
nzd0161,nzd0161-0187,-0.5299940909216438
nzd0161,nzd0161-0187,-1.3347377199829342
nzd0161,nzd0161-0187,-0.26664027342120794
nzd0161,nzd0161-0187,-0.3211847117181687
nzd0161,nzd0161-0187,-0.21715611670631094
nzd0161,nzd0161-0187,-0.4103393888596679
nzd0161,nzd0161-0187,-0.29344404868787516
nzd0161,nzd0161-0187,-0.3606709489521434
nzd0161,nzd0161-0187,0.6451498233399011
nzd0161,nzd0161-0187,-0.3407885290102915
nzd0161,nzd0161-0187,-0.4954598613920667
nzd0161,nzd0161-0187,-0.2518678475310697
nzd0161,nzd0161-0187,0.1533762255068694
nzd0161,nzd0161-0187,-0.2347458556445922
nzd0161,nzd0161-0187,-0.3245228439179893
nzd0161,nzd0161-0187,-0.04053476134796889
nzd0161,nzd0161-0187,-0.1564398656122238
nzd0161,nzd0161-0187,-0.26569436520218864
nzd0161,nzd0161-0187,-0.20737713257446208
nzd0161,nzd0161-0187,-0.4988201157844419
nzd0161,nzd0161-0187,-0.5286560897747795
nzd0161,nzd0161-0187,-0.411321598992893
nzd0161,nzd0161-0187,-0.23255671921305168
nzd0161,nzd0161-0187,-0.5631126849910373
nzd0161,nzd0161-0187,-0.08185656547334859
nzd0161,nzd0161-0187,-0.06899735359765163
nzd0161,nzd0161-0187,-0.25677773147068256
nzd0161,nzd0161-0187,-0.1567806353945924
nzd0161,nzd0161-0187,-0.032837954202607385
nzd0161,nzd0161-0187,-0.37713058535308963
nzd0161,nzd0161-0187,-0.37573554770511036
nzd0161,nzd0161-0187,-0.1410906113890307
nzd0161,nzd0161-0187,-0.5794448065789501
nzd0161,nzd0161-0187,-0.45511573888951673
nzd0161,nzd0161-0187,0.00874067666625352
nzd0161,nzd0161-0187,-0.10466649940187535
nzd0161,nzd0161-0187,-0.1322478839098461
nzd0161,nzd0161-0187,-0.10736148608109876
nzd0161,nzd0161-0187,-0.6053263873341269
nzd0161,nzd0161-0187,-0.366745912646275
nzd0161,nzd0161-0187,-0.1255091996053452
nzd0161,nzd0161-0187,-0.4898127493694517
nzd0161,nzd0161-0187,-0.2131415571927938
nzd0161,nzd0161-0187,-0.44702168217912047
nzd0161,nzd0161-0187,-0.30849102045721105
nzd0161,nzd0161-0187,-0.17893293868815133
nzd0161,nzd0161-0187,0.3133187293010105
nzd0161,nzd0161-0187,-0.5106888015334545
nzd0161,nzd0161-0187,-0.3084078169949777
nzd0161,nzd0161-0187,-0.3638572267622055
nzd0161,nzd0161-0187,0.10492556055297787
nzd0161,nzd0161-0187,-0.11429602577348498
nzd0161,nzd0161-0187,-0.2157755663896252
nzd0161,nzd0161-0187,-0.18511200390502286
nzd0161,nzd0161-0187,-0.9673081484395272
nzd0161,nzd0161-0187,-0.12316191910958325
nzd0161,nzd0161-0187,0.2642311187798618
nzd0161,nzd0161-0187,-0.16171619395305106
nzd0161,nzd0161-0187,-0.2981976607008447
nzd0161,nzd0161-0187,0.17830492835224995
nzd0161,nzd0161-0187,-0.3745678856122195
nzd0161,nzd0161-0187,-0.31738890667242775
nzd0161,nzd0161-0187,-0.24096637142481883
nzd0161,nzd0161-0187,-0.3573140676316911
nzd0161,nzd0161-0187,-0.4665334966876643
nzd0161,nzd0161-0187,-1.728830319645163
nzd0161,nzd0161-0187,-0.34590058697282355
nzd0161,nzd0161-0187,0.12541214879143073
nzd0161,nzd0161-0187,-0.27012886970069905
nzd0161,nzd0161-0187,-0.2330659951930524
nzd0161,nzd0161-0187,-0.2096171502695055
nzd0161,nzd0161-0187,0.2639445483688786
nzd0161,nzd0161-0187,0.03421264454897443
nzd0161,nzd0161-0187,0.14775079537794183
nzd0161,nzd0161-0187,-0.4722979643171107
nzd0161,nzd0161-0187,-0.24786711191620575
nzd0161,nzd0161-0187,-0.35272363520734923
nzd0161,nzd0161-0187,-0.30796832838272703
nzd0161,nzd0161-0187,-0.20879358297077985
nzd0161,nzd0161-0187,-0.21008833521683926
nzd0161,nzd0161-0187,-0.2630215827348019
nzd0161,nzd0161-0187,-0.46097334012206975
nzd0161,nzd0161-0187,0.0028406112274262647
nzd0161,nzd0161-0187,0.14610614702577476
nzd0161,nzd0161-0187,-0.33090181165270344
nzd0161,nzd0161-0187,-0.29717063591895976
nzd0161,nzd0161-0187,-0.9029051953908873
nzd0161,nzd0161-0187,-0.3406961110602758
nzd0161,nzd0161-0187,-0.1811231679268107
nzd0161,nzd0161-0187,-0.22918026698744756
nzd0161,nzd0161-0187,-0.10673918294874118
nzd0161,nzd0161-0187,-0.19896770765009925
nzd0161,nzd0161-0187,-0.21941823495775295
nzd0161,nzd0161-0187,1.338452349126234
nzd0161,nzd0161-0187,-0.3458167922245719
nzd0161,nzd0161-0187,-0.35267369286140426
nzd0161,nzd0161-0187,-0.005385852964584937
nzd0161,nzd0161-0187,-0.1091957216355747
nzd0161,nzd0161-0187,-0.21340681679443854
nzd0161,nzd0161-0187,-0.8472038835184542
nzd0161,nzd0161-0187,-0.26206731010538614
nzd0161,nzd0161-0187,-0.1852719381433733
nzd0161,nzd0161-0187,-0.11539076475997394
nzd0161,nzd0161-0187,0.1945142682539074
nzd0161,nzd0161-0187,-0.07834099463847753
nzd0161,nzd0161-0187,-0.1748419818976015
nzd0161,nzd0161-0187,-0.269300084351356
nzd0161,nzd0161-0187,-0.470614855069823
nzd0161,nzd0161-0187,-0.30374108115606785
nzd0161,nzd0161-0187,-0.5409321954424586
nzd0161,nzd0161-0187,0.20274743893152283
nzd0161,nzd0161-0187,-0.33118551447239886
nzd0161,nzd0161-0187,-0.6207414046700385
nzd0161,nzd0161-0187,-0.07477006826232913
nzd0161,nzd0161-0187,-0.008433720348621911
nzd0161,nzd0161-0187,-0.1035356434374664
nzd0161,nzd0161-0187,-0.3089812279120127
nzd0161,nzd0161-0187,-0.050901309495828106
nzd0161,nzd0161-0187,-0.23930828742354682
nzd0161,nzd0161-0187,-0.2761324511859057
nzd0161,nzd0161-0187,-0.2405726057907353
nzd0161,nzd0161-0187,-0.40697539770652885
nzd0161,nzd0161-0187,-0.3601571155914015
nzd0161,nzd0161-0187,-0.4933498517914
nzd0161,nzd0161-0187,0.02205586860680399
nzd0161,nzd0161-0187,-0.09244208222157409
nzd0161,nzd0161-0187,-0.21491346951420998
nzd0161,nzd0161-0187,-0.10937174396460426
nzd0161,nzd0161-0187,-0.6204200570621148
nzd0161,nzd0161-0187,-0.3099063302915765
nzd0161,nzd0161-0187,-0.3699394282935842
nzd0161,nzd0161-0187,-0.42019190108577203
nzd0161,nzd0161-0187,-0.030146773102978024
nzd0161,nzd0161-0187,-0.10379725818156564
nzd0161,nzd0161-0187,-0.3060714586538372
nzd0161,nzd0161-0187,-0.32960782527469845
nzd0161,nzd0161-0187,-0.4901753464171273
nzd0161,nzd0161-0187,-0.041623906592814126
nzd0161,nzd0161-0187,-0.3400695983298246
